"","Site","Org","Location","latitude","longitude","Year","Date","random_site","occ.status","slope","aspect","elevation","tempc","windms","day.of.year","dist.road","summer.tmax","winter.tmin","percent.tmax.days","summer.pcpn.mm","winter.pcpn.mm","lowshrub","eds","vegclass","veg.height","lowshrub.cover"
"1","P003","ACCS","Hatcher Pass",61.795912,-149.272744,2018,"7/9/2018",0,"occupied",17.2112236,219.0667572,1138,8.27777777777778,1.92221725525257,190,518.3863424,10.64304348,-11.27578512,0,380.8,858.86,"NA",37.7619047619048,"eds",0,10
"2","P005","ACCS","Hatcher Pass",61.781319,-149.332478,2018,"7/10/2018",0,"occupied",37.4900169,122.0604324,1206,10,1.29637907912383,191,1037.908197,10.46347826,-11.44355372,0,454.13,795.46,"NA",37.7619047619048,"eds",0.35,26.6666666666667
"3","P008","ACCS","Hatcher Pass",61.7676149,-149.347223,2018,"7/11/2018",0,"occupied",4.768764,277.7577515,1054,6.66666666666667,2.10102816271793,192,356.150249,11.82804348,-11.35595041,0,435.3,738.9,"NA",37.7619047619048,"eds",0.3,48.5
"4","P007","ACCS","Hatcher Pass",61.771669,-149.307037,2018,"7/13/2018",0,"occupied",17.5566101,118.4687881,1159,10.5555555555556,1.07286544479213,194,41.36374222,10.42717391,-11.31512397,0,435.27,733.33,"NA",37.7619047619048,"eds",0.213233333333333,30.6666666666667
"5","P042","ACCS","Steese",65.483216,-145.401455,2018,"7/17/2018",0,"occupied",16.5199165,260.5579224,1140,7,5.4,198,243.5579036,13.79445652,-17.40619835,0,275.55,115.12,"1",10,"dds",0.08,0
"6","P037","ACCS","Steese",65.500575,-145.33842,2018,"7/18/2018",0,"unoccupied",21.5487175,105.7481232,959,17.7,0.8,199,1706.016156,16.85184783,-17.77016529,0,233.5,94.05,"NA",7.5,"ls",0.025,37.5
"7","P051","ACCS","Steese",65.407041,-146.007,2018,"7/19/2018",0,"occupied",18.9024372,184.3298492,1231,9.5,5.1,200,1202.489639,14.44173913,-15.50570248,0,229.94,113.87,"5",15,"dds",0.0462,7.33
"8","P038","ACCS","Steese",65.494097,-145.441584,2018,"7/20/2018",0,"unoccupied",13.3049507,340.7592468,1140,10.3,3.9,201,1799.8806,14.18021739,-17.35438017,0,268.32,111.43,"2",42.5,"dds",0.0462,7.33
"9","P039","ACCS","Steese",65.498644,-145.500423,2018,"7/21/2018",0,"unoccupied",18.8271389,308.9629517,1034,16.3,1.7,202,4244.494248,15.29152174,-17.26421488,0,250.79,103.39,"1",75,"eds",0.04,1
"10","P060","ACCS","Steese",65.373228,-146.636898,2018,"7/23/2018",0,"occupied",9.4046021,317.8297729,1097,25.8,1.3,204,1789.677056,14.50576087,-14.71545455,0,255.11,147,"2",20,"dds",0.04,1
"11","P118","ACCS","Paxson",63.08574,-146.36537,2018,"7/31/2018",0,"occupied",16.2792263,354.8774109,1258,25.7777777777778,1.20697362539115,212,59.59981517,15.04315217,-21.88057851,1.0869565,274.71,134.76,"2",85,"eds",0.08,1
"12","P063","ACCS","Paxson",63.49724,-145.80457,2018,"8/1/2018",0,"occupied",21.6198769,245.3105469,1097,19.0555555555556,1.56459544032186,213,2768.307959,17.41271739,-21.08181818,2.173913,327.75,201.87,"30",35,"eds",0.099,11.5
"13","P128","ACCS","Paxson",63.074222,-146.231861,2018,"8/3/2018",0,"occupied",25.5097942,41.2557411,1217,13,0.40232454179705,215,355.6617819,15.47054348,-21.6492562,1.0869565,264.6,129.42,"NA",37.7619047619048,"eds",0,0
"14","P135","ACCS","Denali",63.748337,-148.872317,2018,"8/15/2018",0,"occupied",19.7228565,218.5123444,935,14.4,0,227,1243.053682,15.3626087,-16.56173554,0,213.43,125.96,"60",40,"eds",0.06,35
"15","P133","ACCS","Denali",63.801632,-148.979144,2018,"8/16/2018",0,"occupied",21.8507767,77.5427704,951,8.7,0.804649083594099,228,1131.022909,14.98902174,-16.27247934,0,213.14,120.18,"NA",10,"dds",0.05,0
"16","MV","ACCS","Denali",63.43067603,-150.366498,2018,"8/18/2018",0,"occupied",11.4336329,183.5489502,1156,13.4,2.32454179704962,230,361.7349432,14.40619565,-14.83950413,0,272.82,168.21,"30",25,"dds",0.42,38
"17","P146A","ACCS","Denali",63.43659097,-150.316008,2018,"8/19/2018",0,"occupied",26.6057224,156.4647675,1360,11.1,2.59275815824765,231,508.1027538,12.79695652,-14.85785124,0,286.81,173.45,"1",5,"dds",0.114,14.8
"18","Polychrome","ACCS","Denali",63.53560698,-149.828615,2018,"8/20/2018",0,"occupied",9.9673719,120.4945297,1135,11.6,3.57621814930711,232,14.02195808,15.09586957,-15.2892562,0,248.87,141.37,"50",0,"ls",0.114,14.8
"19","P138","ACCS","Denali",63.739354,-149.281669,2018,"8/21/2018",0,"occupied",27.403368,253.0160522,979,13.2,2.23513634331694,233,455.4096713,15.53391304,-15.90016529,0,232.53,135.15,"20",30,"dds",0.114,14.8
"20","P300","ACCS","Hatcher Pass",61.81248601,-149.2166,2018,"8/27/2018",0,"occupied",31.2066803,170.705307,929,11.5,0.983459991059455,239,333.3924263,13.48097826,-10.90066116,0,284.1,861.18,"10",60,"eds",0.195,19.7
"21","P002","ACCS","Hatcher Pass",61.80948,-149.23418,2019,"7/16/2019",0,"occupied",18.729908,44.3226166,911,15.2,0.6,197,387.1556919,12.08,-10.29661157,0,592.79,639.06,"10",75,"eds",0.393333333333333,22
"22","P092","ACCS","Paxson",63.12284192,-146.2469075,2019,"7/24/2019",0,"occupied",25.9352283,267.5293884,1208,13.1,0.9,205,3776.675399,14.05315217,-19.01099174,0,320.69,39.85,"10",80,"eds",0.07,1
"23","P094","ACCS","Paxson",63.12132999,-146.18567,2019,"7/24/2019",0,"occupied",18.570509,257.3028259,1369,13.1,0.7,205,4703.941617,12.76826087,-19.88842975,0,345.39,41.07,"1",40,"lic",0.08,0
"24","P119","ACCS","Paxson",63.08487073,-146.3910338,2019,"7/25/2019",0,"occupied",19.9444218,4.6102734,1319,11.4,1,206,187.2749275,13.0526087,-19.41942149,0,338.58,46.88,"30",80,"eds",0,0
"25","P111","ACCS","Paxson",63.08770004,-146.3077,2019,"7/25/2019",0,"occupied",14.4710941,326.3193665,1255,13,2.2,206,329.9641217,13.09608696,-19.57206612,0,338.98,46.01,"35",60,"eds",0.06,1
"26","P010A","ACCS","Hatcher Pass",61.76157299,-149.323738,2019,"7/31/2019",0,"unoccupied",23.3185463,226.8164063,1289,16.8,0.5,212,573.7155536,9.499891304,-10.51239669,0,665.88,551.98,"1",60,"eds",0.04,0
"27","P616","ACCS","Southcentral",60.96205727,-149.0798976,2019,"7/31/2019",0,"unoccupied",24.8190536,313.8938599,689,15.2,0.5,212,1285.205131,13.68717391,-5.490743802,0,420.7,892.64,"2",70,"eds",0.07,2
"28","P100","ACCS","Paxson",63.08387999,-145.63512,2019,"8/8/2019",0,"occupied",18.5797176,40.4835167,1076,15.5,4.6,220,684.1042411,15.2325,-19.42768595,1.0869565,305.2,34.76,"40",45,"eds",0.1,0
"29","P147","ACCS","Denali",63.35586302,-148.376847,2019,"8/11/2019",0,"occupied",31.6821823,22.293829,1025,15.5,0.5,223,1452.170056,12.75391304,-15.67256198,0,365.26,107.12,"2",15,"ts",0.04,0
"30","JB01","JBER","JBER",61.14944,-149.547,2019,"8/19/2019",0,"occupied",4.93667,2.644766,1072,14.7,1.2,231,7637.207763,12.8773913,-8.588016529,0,363.12,320.14,"0",80,"eds",0.02,0
"31","JB02","JBER","JBER",61.14596,-149.534,2019,"8/20/2019",0,"occupied",8.16937,204.2987,1109,10.6,1.6,232,8410.316715,12.17195652,-8.781239669,0,376.15,338.42,"1",20,"dgh",0,0
